slug,type,currentStepCount,minTarget,maxTarget,currentTitle,currentStepsJson
kayisili-hurma-kup-malatya-usulu,TATLI,3,5,10,Kayısılı Hurma Kup,"[{""stepNumber"":1,""instruction"":""Kayısı ve hurmayı doğrayın."",""timerSeconds"":null},{""stepNumber"":2,""instruction"":""Yoğurdu bal ile karıştırın."",""timerSeconds"":null},{""stepNumber"":3,""instruction"":""Kup içinde katmanlayıp servis edin."",""timerSeconds"":null}]"
kayisili-kestaneli-irmik-helvasi-malatya-usulu,TATLI,3,5,10,Kayısılı Kestaneli İrmik Helvası,"[{""stepNumber"":1,""instruction"":""İrmiği tereyağında 6 dakika kavurun."",""timerSeconds"":360},{""stepNumber"":2,""instruction"":""Kayısı ve kestaneyi ekleyin."",""timerSeconds"":null},{""stepNumber"":3,""instruction"":""Helvayı 6 dakika daha pişirin."",""timerSeconds"":360}]"
kayisili-sutlac-igdir-usulu,TATLI,3,5,10,Iğdır Kayısılı Sütlaç,"[{""stepNumber"":1,""instruction"":""Pirinci 10 dakika haşlayın."",""timerSeconds"":600},{""stepNumber"":2,""instruction"":""Süt ve şekeri ekleyip karışımı 10 dakika koyulaştırın."",""timerSeconds"":600},{""stepNumber"":3,""instruction"":""Kayısıyı ekleyip bir taşım ısıtarak soğutun."",""timerSeconds"":null}]"
kayisili-un-helvasi-karaman-usulu,TATLI,3,5,10,Kayısılı Un Helvası,"[{""stepNumber"":1,""instruction"":""Unu tereyağında kavurun."",""timerSeconds"":360},{""stepNumber"":2,""instruction"":""Şekerli suyu ekleyin."",""timerSeconds"":null},{""stepNumber"":3,""instruction"":""Kayısıyı katıp helvayı toparlayın."",""timerSeconds"":null}]"
kaymakli-cevizli-havuclu-tatli-mardin-usulu,TATLI,3,5,10,Kaymaklı Cevizli Havuçlu Tatlı,"[{""stepNumber"":1,""instruction"":""Havucu 10 dakika pişirin."",""timerSeconds"":600},{""stepNumber"":2,""instruction"":""Kaymakla karıştırın."",""timerSeconds"":null},{""stepNumber"":3,""instruction"":""Cevizle tamamlayın."",""timerSeconds"":null}]"
kaymakli-cevizli-pancar-tatlisi-mardin-usulu,TATLI,3,5,10,Kaymaklı Cevizli Pancar Tatlısı,"[{""stepNumber"":1,""instruction"":""Pancarı ince dilimleyin."",""timerSeconds"":null},{""stepNumber"":2,""instruction"":""Kaymakla katmanlayın."",""timerSeconds"":null},{""stepNumber"":3,""instruction"":""Ceviz ve balla servis edin."",""timerSeconds"":null}]"
kaymakli-kayisi-dolmasi-malatya-usulu,TATLI,3,5,10,Malatya Kaymaklı Kayısı Dolması,"[{""stepNumber"":1,""instruction"":""Kayısıları 8 dakika ılık suda bekletin."",""timerSeconds"":480},{""stepNumber"":2,""instruction"":""İçlerine ceviz doldurup kısa süre ısıtın."",""timerSeconds"":null},{""stepNumber"":3,""instruction"":""Kaymak ve bal ekleyerek servis edin."",""timerSeconds"":null}]"
kaymakli-kayisi-tatlisi,TATLI,3,5,10,Kaymaklı Kayısı Tatlısı,"[{""stepNumber"":1,""instruction"":""Su ve şekeri kaynatıp kayısıları ekleyin."",""timerSeconds"":null},{""stepNumber"":2,""instruction"":""Kayısıları 12 dakika pişirip ılındırın."",""timerSeconds"":720},{""stepNumber"":3,""instruction"":""Açıp içine kaymak doldurun."",""timerSeconds"":null}]"
kaymakli-pekmezli-incir-kup-van-usulu,TATLI,3,5,10,Kaymaklı Pekmezli İncir Kup,"[{""stepNumber"":1,""instruction"":""İnciri sütle 8 dakika yumuşatın."",""timerSeconds"":480},{""stepNumber"":2,""instruction"":""Kup tabanına incirleri ve kaymağı paylaştırın."",""timerSeconds"":null},{""stepNumber"":3,""instruction"":""Pekmez gezdirip ceviz ekleyerek soğuk servis edin."",""timerSeconds"":null}]"
kayseri-nevzine,TATLI,3,5,10,Kayseri Nevzine,"[{""stepNumber"":1,""instruction"":""Un, tahin, tereyağı ve cevizi hamur yapın."",""timerSeconds"":null},{""stepNumber"":2,""instruction"":""180°C fırında 30 dakika pişirin."",""timerSeconds"":1800},{""stepNumber"":3,""instruction"":""Pekmezli şerbeti üzerine dökün."",""timerSeconds"":null}]"
keciboynuzlu-sutlac-datca-usulu,TATLI,3,5,10,Keçiboynuzlu Sütlaç,"[{""stepNumber"":1,""instruction"":""Pirinci kısa süre haşlayın."",""timerSeconds"":null},{""stepNumber"":2,""instruction"":""Süt ve şekeri ekleyip koyulaştırın."",""timerSeconds"":900},{""stepNumber"":3,""instruction"":""Keçiboynuzu özünü katıp kaselere alın."",""timerSeconds"":null}]"
kemalpasa-tatlisi,TATLI,3,5,10,Kemalpaşa Tatlısı,"[{""stepNumber"":1,""instruction"":""Peynir, un ve yumurtayı yoğurup küçük toplar yapın."",""timerSeconds"":null},{""stepNumber"":2,""instruction"":""180°C fırında 20 dakika pişirin."",""timerSeconds"":1200},{""stepNumber"":3,""instruction"":""Şeker ve 700 ml suyla hazırlanan şerbette 15 dakika pişirin."",""timerSeconds"":900}]"
kerebic-kup-mersin-usulu,TATLI,3,5,10,Kerebiç Kup,"[{""stepNumber"":1,""instruction"":""İrmik, süt ve şekeri 8 dakika pişirip kup tabanına pay edin."",""timerSeconds"":480},{""stepNumber"":2,""instruction"":""Kremayı çırpıp muhallebinin üstüne ekleyin."",""timerSeconds"":null},{""stepNumber"":3,""instruction"":""Fıstık serperek kupu soğutup servis edin."",""timerSeconds"":null}]"
keskul,TATLI,3,5,10,Keşkül,"[{""stepNumber"":1,""instruction"":""Bademi rondoda ince çekin."",""timerSeconds"":null},{""stepNumber"":2,""instruction"":""Süt, şeker, pirinç unu ve bademi karıştırarak 15-18 dakika pişirin."",""timerSeconds"":1080},{""stepNumber"":3,""instruction"":""Vanilini ekleyip kaselere paylaştırın."",""timerSeconds"":null}]"
kestaneli-irmik-kup-bursa-usulu,TATLI,3,5,10,Kestaneli İrmik Kup,"[{""stepNumber"":1,""instruction"":""İrmikli tabanı 10 dakika pişirin."",""timerSeconds"":600},{""stepNumber"":2,""instruction"":""Kestaneyi doğrayın."",""timerSeconds"":null},{""stepNumber"":3,""instruction"":""Kup içinde paylaştırıp soğutun."",""timerSeconds"":null}]"
kestaneli-pirinc-kek-bursa-usulu,TATLI,3,5,10,Bursa Kestaneli Pirinç Kek,"[{""stepNumber"":1,""instruction"":""Yumurta, süt ve şekeri çırpın."",""timerSeconds"":null},{""stepNumber"":2,""instruction"":""Pirinç unu ve kestaneyi ekleyin."",""timerSeconds"":null},{""stepNumber"":3,""instruction"":""180°C fırında 30 dakika pişirin."",""timerSeconds"":1800}]"
kestaneli-sut-helvasi-bursa-usulu,TATLI,3,5,10,Kestaneli Süt Helvası,"[{""stepNumber"":1,""instruction"":""Unu tereyağında 5 dakika açık renk alana kadar kavurun."",""timerSeconds"":300},{""stepNumber"":2,""instruction"":""Süt ve şekeri ekleyip muhallebi kıvamına gelene kadar karıştırın."",""timerSeconds"":480},{""stepNumber"":3,""instruction"":""Kestaneyi katıp 200 derecede üstü kızarana kadar 10 dakika fırınlayın."",""timerSeconds"":600}]"
kestaneli-sutlac-bursa-usulu,TATLI,3,5,10,Bursa Kestaneli Sütlaç,"[{""stepNumber"":1,""instruction"":""Pirinci az suda 10 dakika haşlayın."",""timerSeconds"":600},{""stepNumber"":2,""instruction"":""Süt ve şekeri ekleyip karışımı 15 dakika pişirin."",""timerSeconds"":900},{""stepNumber"":3,""instruction"":""Kestane ve pirinç ununu ekleyip koyulaştırarak servis edin."",""timerSeconds"":null}]"
kestaneli-sutlu-irmik-tatli-bursa-usulu,TATLI,3,5,10,Kestaneli Sütlü İrmik Tatlı,"[{""stepNumber"":1,""instruction"":""İrmiği sütle 8 dakika pişirin."",""timerSeconds"":480},{""stepNumber"":2,""instruction"":""Kestaneyi ekleyin."",""timerSeconds"":null},{""stepNumber"":3,""instruction"":""Soğutup servis edin."",""timerSeconds"":null}]"
key-lime-pie-abd-florida-usulu,TATLI,3,5,10,Key Lime Pie,"[{""stepNumber"":1,""instruction"":""Tabanı hazırlayın."",""timerSeconds"":null},{""stepNumber"":2,""instruction"":""Dolgu malzemesini çırpın."",""timerSeconds"":null},{""stepNumber"":3,""instruction"":""Tartı 15 dakika pişirip soğutun."",""timerSeconds"":900}]"
khanom-krok,TATLI,3,5,10,Khanom Krok,"[{""stepNumber"":1,""instruction"":""Pirinç unu, şeker ve hindistan cevizi sütünü karıştırın."",""timerSeconds"":null},{""stepNumber"":2,""instruction"":""Küçük gözlü tavayı yağlayıp harcı dökün."",""timerSeconds"":null},{""stepNumber"":3,""instruction"":""Kenarları kızarana kadar 15-20 dakika pişirin."",""timerSeconds"":1200}]"
kheer,TATLI,3,5,10,Kheer,"[{""stepNumber"":1,""instruction"":""Pirinç ve sütü tencereye alın."",""timerSeconds"":null},{""stepNumber"":2,""instruction"":""Kısık ateşte 40 dakika karıştırarak pişirin."",""timerSeconds"":2400},{""stepNumber"":3,""instruction"":""Şeker ve fıstığı ekleyip 5 dakika daha pişirin."",""timerSeconds"":300}]"
kladdkaka-portakalli-isvec-usulu,TATLI,3,5,10,Kladdkaka,"[{""stepNumber"":1,""instruction"":""Hamuru hazırlayın."",""timerSeconds"":null},{""stepNumber"":2,""instruction"":""Hamuru kalıba dökün."",""timerSeconds"":null},{""stepNumber"":3,""instruction"":""Keki 16 dakika pişirin."",""timerSeconds"":960}]"
knafeh-cups,TATLI,3,5,10,Knafeh Cups,"[{""stepNumber"":1,""instruction"":""Kadayıfı tereyağıyla harmanlayıp kup kalıplarına bastırın."",""timerSeconds"":null},{""stepNumber"":2,""instruction"":""180°C fırında 15 dakika pişirin."",""timerSeconds"":900},{""stepNumber"":3,""instruction"":""Peynirli krema ve fıstıkla doldurun."",""timerSeconds"":null}]"
kombe,TATLI,4,5,10,Kömbe,"[{""stepNumber"":1,""instruction"":""Tereyağı, şeker ve yumurtayı karıştırın."",""timerSeconds"":null},{""stepNumber"":2,""instruction"":""Un ve mahlebi ekleyip hamur yoğurun."",""timerSeconds"":null},{""stepNumber"":3,""instruction"":""Hamuru susama bulayıp kalıpla şekillendirin."",""timerSeconds"":null},{""stepNumber"":4,""instruction"":""180°C fırında 22-25 dakika pişirin."",""timerSeconds"":1500}]"
kourabiethes,TATLI,3,5,10,Kourabiethes,"[{""stepNumber"":1,""instruction"":""Tereyağı ve pudra şekerini çırpın."",""timerSeconds"":null},{""stepNumber"":2,""instruction"":""Un ve bademi ekleyip kurabiye hamuru hazırlayın."",""timerSeconds"":null},{""stepNumber"":3,""instruction"":""170°C fırında 22 dakika pişirip pudra şekeriyle kaplayın."",""timerSeconds"":1320}]"
kunafa-arap-usulu,TATLI,4,5,10,Kunafa Arap Usulü,"[{""stepNumber"":1,""instruction"":""Şeker ve suyu 10 dakika kaynatıp şerbet hazırlayın."",""timerSeconds"":600},{""stepNumber"":2,""instruction"":""Kadayıfı tereyağıyla harmanlayıp tepsiye bastırın."",""timerSeconds"":null},{""stepNumber"":3,""instruction"":""Peyniri yayıp kalan kadayıfla kapatın."",""timerSeconds"":null},{""stepNumber"":4,""instruction"":""180°C fırında 30-35 dakika pişirin."",""timerSeconds"":2100}]"
kuru-elma-pekmezli-kek-kastamonu-usulu,TATLI,3,5,10,Kuru Elma Pekmezli Kek,"[{""stepNumber"":1,""instruction"":""Kek harcını hazırlayın."",""timerSeconds"":null},{""stepNumber"":2,""instruction"":""Elmayı içine pay edin."",""timerSeconds"":null},{""stepNumber"":3,""instruction"":""Keki 24 dakika pişirin."",""timerSeconds"":1440}]"
kuru-kayisili-un-helvasi-nevsehir-usulu,TATLI,3,5,10,Kuru Kayısılı Un Helvası,"[{""stepNumber"":1,""instruction"":""Unu tereyağında 10 dakika kavurun."",""timerSeconds"":600},{""stepNumber"":2,""instruction"":""Süt ve şekeri ayrı kapta çözdürüp tencereye ekleyin."",""timerSeconds"":null},{""stepNumber"":3,""instruction"":""Doğranmış kayısıyı katıp 3 dakika karıştırarak ılık servis edin."",""timerSeconds"":180}]"
kusburnulu-cevizli-pelte-erzurum-usulu,TATLI,3,5,10,Kuşburnulu Cevizli Pelte,"[{""stepNumber"":1,""instruction"":""Nişastayı suyla açın."",""timerSeconds"":null},{""stepNumber"":2,""instruction"":""Karışımı 8 dakika pişirin."",""timerSeconds"":480},{""stepNumber"":3,""instruction"":""Cevizle soğutup servis edin."",""timerSeconds"":null}]"
kusburnulu-kavut-peltesi-erzurum-usulu,TATLI,3,5,10,Kuşburnulu Kavut Peltesi,"[{""stepNumber"":1,""instruction"":""Su ve şekeri ısıtın."",""timerSeconds"":null},{""stepNumber"":2,""instruction"":""Kavut ve kuşburnunu çırparak ekleyin."",""timerSeconds"":null},{""stepNumber"":3,""instruction"":""Pelteyi 10 dakika pişirin."",""timerSeconds"":600}]"
lamington,TATLI,3,5,10,Lamington,"[{""stepNumber"":1,""instruction"":""Un, yumurta ve şekerle sade bir kek pişirip küp kesin."",""timerSeconds"":null},{""stepNumber"":2,""instruction"":""Çikolata ve sütü ısıtarak glazürü hazırlayın."",""timerSeconds"":null},{""stepNumber"":3,""instruction"":""Kek küplerini glazüre batırıp hindistan cevizine bulayın."",""timerSeconds"":null}]"
lamington-kakaolu-kup-avustralya-usulu,TATLI,3,5,10,Lamington Kakaolu Kup,"[{""stepNumber"":1,""instruction"":""Kremayı kakaoyla karıştırın."",""timerSeconds"":null},{""stepNumber"":2,""instruction"":""Kup içine keki pay edin."",""timerSeconds"":null},{""stepNumber"":3,""instruction"":""Hindistancevizi ile katmanlayın."",""timerSeconds"":null}]"
lamington-krema-kup-avustralya-usulu,TATLI,3,5,10,Lamington Krema Kup,"[{""stepNumber"":1,""instruction"":""Krema katını hazırlayın."",""timerSeconds"":null},{""stepNumber"":2,""instruction"":""Kup katmanlarını kurun."",""timerSeconds"":null},{""stepNumber"":3,""instruction"":""Tatlıyı soğuk servis edin."",""timerSeconds"":null}]"
lamington-trifle-kup-avustralya-usulu,TATLI,3,5,10,Lamington Trifle Kup,"[{""stepNumber"":1,""instruction"":""Kup tabanına kek yerleştirin."",""timerSeconds"":null},{""stepNumber"":2,""instruction"":""Krema ve reçelle katmanlayın."",""timerSeconds"":null},{""stepNumber"":3,""instruction"":""Hindistanceviziyle servis edin."",""timerSeconds"":null}]"
lamington-yogurt-kup-avustralya-usulu,TATLI,3,5,10,Avustralya Lamington Yoğurt Kup,"[{""stepNumber"":1,""instruction"":""Keki ufalayın."",""timerSeconds"":null},{""stepNumber"":2,""instruction"":""Yoğurdu kuplara paylaştırın."",""timerSeconds"":null},{""stepNumber"":3,""instruction"":""Kek ve hindistan cevizini kat kat ekleyip servis edin."",""timerSeconds"":null}]"
lavantali-badem-sutlac-foca-usulu,TATLI,3,5,10,Lavantali Badem Sütlaç,"[{""stepNumber"":1,""instruction"":""Pirinci 10 dakika haşlayın."",""timerSeconds"":600},{""stepNumber"":2,""instruction"":""Süt ve şekeri ekleyin."",""timerSeconds"":null},{""stepNumber"":3,""instruction"":""Bademle birlikte 8 dakika pişirin."",""timerSeconds"":480}]"
lavantali-limon-kremasi-kupu-ingiltere-usulu,TATLI,3,5,10,Lavantali Limon Kreması Kupu,"[{""stepNumber"":1,""instruction"":""Süt ve kremayı limon kabuğuyla birlikte ısıtın."",""timerSeconds"":180},{""stepNumber"":2,""instruction"":""Nişasta ve lavanta şurubunu ekleyip 4 dakika koyulaştırın."",""timerSeconds"":240},{""stepNumber"":3,""instruction"":""Kremayı kupa paylaştırıp soğuk servis edin."",""timerSeconds"":null}]"
laz-boregi-rize-usulu,TATLI,4,5,10,Laz Böreği,"[{""stepNumber"":1,""instruction"":""Süt, un, şeker ve yumurtayla muhallebiyi pişirip ılıtın."",""timerSeconds"":null},{""stepNumber"":2,""instruction"":""Yufkaları tereyağı sürerek tepsiye yerleştirin ve araya muhallebiyi yayın."",""timerSeconds"":null},{""stepNumber"":3,""instruction"":""Üst katları kapatıp Laz böreğini 190°C fırında 30 dakika pişirin."",""timerSeconds"":1800},{""stepNumber"":4,""instruction"":""Tatlıyı dilimleyip pudra şekeriyle servis edin."",""timerSeconds"":null}]"
leche-frita-ispanya-usulu,TATLI,3,5,10,Leche Frita,"[{""stepNumber"":1,""instruction"":""Süt, un ve şekeri koyulaşana kadar pişirin."",""timerSeconds"":420},{""stepNumber"":2,""instruction"":""Karışımı tepsiye yayıp 2 saat soğutun."",""timerSeconds"":7200},{""stepNumber"":3,""instruction"":""Dilimleri yumurtaya bulayıp 4 dakika kızartın."",""timerSeconds"":240}]"
lemon-slice-avustralya-usulu,TATLI,3,5,10,Lemon Slice,"[{""stepNumber"":1,""instruction"":""Bisküvi ve tereyağıyla tabanı hazırlayın."",""timerSeconds"":null},{""stepNumber"":2,""instruction"":""Süt ve limon suyunu çırpıp üstüne yayın."",""timerSeconds"":null},{""stepNumber"":3,""instruction"":""10 dakika pişirip soğutun."",""timerSeconds"":600}]"
lime-kabuklu-irmik-kup-peru-usulu,TATLI,3,5,10,Lime Kabuklu İrmik Kup,"[{""stepNumber"":1,""instruction"":""Süt, irmik ve şekeri 8 dakika pişirin."",""timerSeconds"":480},{""stepNumber"":2,""instruction"":""Lime kabuğu rendesi ve hindistancevizini ekleyin."",""timerSeconds"":null},{""stepNumber"":3,""instruction"":""Kup halinde paylaştırıp soğuk servis edin."",""timerSeconds"":null}]"
limonlu-irmik-muhallebisi-isparta-usulu,TATLI,3,5,10,Isparta Limonlu İrmik Muhallebisi,"[{""stepNumber"":1,""instruction"":""Süt, irmik ve şekeri tencereye alın."",""timerSeconds"":null},{""stepNumber"":2,""instruction"":""Karışımı 12 dakika karıştırarak pişirin."",""timerSeconds"":720},{""stepNumber"":3,""instruction"":""Limon kabuğunu ekleyip kaselere paylaştırın."",""timerSeconds"":null}]"
limonlu-katalan-krem-kup-ispanya-usulu,TATLI,3,5,10,Limonlu Katalan Krem Kup,"[{""stepNumber"":1,""instruction"":""Sütü limon kabuğuyla ısıtın."",""timerSeconds"":180},{""stepNumber"":2,""instruction"":""Yumurta sarısı, nişasta ve şekeri çırpıp tencereye ekleyin."",""timerSeconds"":null},{""stepNumber"":3,""instruction"":""Kremayı 5 dakika koyulaştırıp kupa paylaştırın."",""timerSeconds"":300}]"
limonlu-lorlu-irmik-keki-hatay-usulu,TATLI,3,5,10,Limonlu Lorlu İrmik Keki,"[{""stepNumber"":1,""instruction"":""Yumurta ve şekeri çırpın."",""timerSeconds"":null},{""stepNumber"":2,""instruction"":""Lor, irmik ve limon kabuğunu ekleyin."",""timerSeconds"":null},{""stepNumber"":3,""instruction"":""Keki 28 dakika pişirin."",""timerSeconds"":1680}]"
limonlu-posset,TATLI,3,5,10,Limonlu Posset,"[{""stepNumber"":1,""instruction"":""Krema ve şekeri 6-8 dakika kaynatın."",""timerSeconds"":480},{""stepNumber"":2,""instruction"":""Ocaktan alıp limon suyu ve kabuğunu ekleyin."",""timerSeconds"":null},{""stepNumber"":3,""instruction"":""Kaselere paylaştırıp 4 saat soğutun."",""timerSeconds"":14400}]"
limonlu-trifle-kup-ingiltere-usulu,TATLI,3,5,10,Limonlu Trifle Kup,"[{""stepNumber"":1,""instruction"":""Keki kup tabanına pay edin."",""timerSeconds"":null},{""stepNumber"":2,""instruction"":""Krema ve limonu katlayın."",""timerSeconds"":null},{""stepNumber"":3,""instruction"":""Soğuk servis edin."",""timerSeconds"":null}]"
lingonberry-yogurt-parfe-isvec-usulu,TATLI,3,5,10,İsveç Lingonberry Yoğurt Parfe,"[{""stepNumber"":1,""instruction"":""Yoğurdu kaselere paylaştırın."",""timerSeconds"":null},{""stepNumber"":2,""instruction"":""Lingonberry sosunu katlar halinde ekleyin."",""timerSeconds"":null},{""stepNumber"":3,""instruction"":""Yulaf kırıntısı serpip servis edin."",""timerSeconds"":null}]"
lod-chong-tay-tatli-usulu,TATLI,3,5,10,Lod Chong,"[{""stepNumber"":1,""instruction"":""Şeritleri kısa haşlayın."",""timerSeconds"":120},{""stepNumber"":2,""instruction"":""Hindistan cevizi sütü ve şurupla birleştirin."",""timerSeconds"":null},{""stepNumber"":3,""instruction"":""Buzla servis edin."",""timerSeconds"":null}]"
lokma-tatlisi,TATLI,3,5,10,Lokma Tatlısı,"[{""stepNumber"":1,""instruction"":""Şeker ve suyu 10 dakika kaynatıp limon suyunu ekleyin, şerbeti soğutun."",""timerSeconds"":600},{""stepNumber"":2,""instruction"":""Hamur malzemelerini karıştırıp 35 dakika mayalandırın."",""timerSeconds"":2100},{""stepNumber"":3,""instruction"":""Hamurdan küçük parçalar kızartıp soğuk şerbete alın."",""timerSeconds"":900}]"
loukoumades,TATLI,3,5,10,Loukoumades,"[{""stepNumber"":1,""instruction"":""Un, maya ve sütle akışkan hamur hazırlayıp 35 dakika mayalandırın."",""timerSeconds"":2100},{""stepNumber"":2,""instruction"":""Kaşıkla parçalar alıp kızgın yağda pişirin."",""timerSeconds"":null},{""stepNumber"":3,""instruction"":""Bal ve tarçınla sıcak servis edin."",""timerSeconds"":null}]"
lucuma-kremali-kup-peru-usulu,TATLI,3,5,10,Lucuma Kremalı Kup,"[{""stepNumber"":1,""instruction"":""Kremayı hafifçe çırpın."",""timerSeconds"":null},{""stepNumber"":2,""instruction"":""Lucuma ve vanilyayı ekleyin."",""timerSeconds"":null},{""stepNumber"":3,""instruction"":""Kup içinde soğuk servis edin."",""timerSeconds"":null}]"
lucuma-yogurt-kup-peru-usulu,TATLI,3,5,10,Lucuma Yoğurt Kup,"[{""stepNumber"":1,""instruction"":""Yoğurdu ve balı karıştırın."",""timerSeconds"":null},{""stepNumber"":2,""instruction"":""Kup tabanına kırıntı serpin."",""timerSeconds"":null},{""stepNumber"":3,""instruction"":""Lucuma ile katmanlayın."",""timerSeconds"":null}]"
lucumali-yogurt-kupu-peru-usulu,TATLI,3,5,10,Lucumalı Yoğurt Kupu,"[{""stepNumber"":1,""instruction"":""Yoğurdu bal ve vanilya ile karıştırın."",""timerSeconds"":null},{""stepNumber"":2,""instruction"":""Kup tabanına yoğurt ve lucuma püresini kat kat paylaştırın."",""timerSeconds"":null},{""stepNumber"":3,""instruction"":""Badem serperek soğuk servis edin."",""timerSeconds"":null}]"
madartej,TATLI,4,5,10,Madártej,"[{""stepNumber"":1,""instruction"":""Yumurta aklarını ayırıp şekerin yarısıyla sert köpük yapın."",""timerSeconds"":null},{""stepNumber"":2,""instruction"":""Sütü vanilyayla ısıtıp bezeleri kısa süre pişirin."",""timerSeconds"":null},{""stepNumber"":3,""instruction"":""Yumurta sarıları ve kalan şekerle muhallebi hazırlayın."",""timerSeconds"":null},{""stepNumber"":4,""instruction"":""Madárteji soğutup bezelerle servis edin."",""timerSeconds"":null}]"
madeleine,TATLI,3,5,10,Madeleine,"[{""stepNumber"":1,""instruction"":""Yumurta ve şekeri kabarana kadar çırpın."",""timerSeconds"":null},{""stepNumber"":2,""instruction"":""Un ve eritilmiş tereyağını ekleyin."",""timerSeconds"":null},{""stepNumber"":3,""instruction"":""Kalıplarda 190°C fırında 10-12 dakika pişirin."",""timerSeconds"":720}]"
mafis-antalya-usulu,TATLI,3,5,10,Antalya Mafişi,"[{""stepNumber"":1,""instruction"":""Hamuru yoğurup kısa dinlendirin."",""timerSeconds"":null},{""stepNumber"":2,""instruction"":""Şeker ve suyu 5 dakika kaynatıp ılık şerbet hazırlayın."",""timerSeconds"":300},{""stepNumber"":3,""instruction"":""Hamuru kızartıp şerbete kısaca alarak servis edin."",""timerSeconds"":null}]"
mafis-tatlisi-balikesir-usulu,TATLI,3,5,10,Balıkesir Mafiş Tatlısı,"[{""stepNumber"":1,""instruction"":""Şeker ve suyu 10 dakika kaynatıp şerbeti ılımaya bırakın."",""timerSeconds"":600},{""stepNumber"":2,""instruction"":""Un, yumurta ve yoğurtla hamur yoğurup küçük parçalar kesin."",""timerSeconds"":null},{""stepNumber"":3,""instruction"":""Hamurları kızartıp ılık şerbete alarak tatlıyı dinlendirin."",""timerSeconds"":null}]"
makowiec-polonya-usulu,TATLI,3,5,10,Makowiec,"[{""stepNumber"":1,""instruction"":""Hamuru yoğurup 30 dakika mayalandırın."",""timerSeconds"":1800},{""stepNumber"":2,""instruction"":""Haşhaşlı içi sürüp rulo yapın."",""timerSeconds"":null},{""stepNumber"":3,""instruction"":""Makowieci 185°C fırında 35 dakika pişirin."",""timerSeconds"":2100}]"
makroudh,TATLI,3,5,10,Makroudh,"[{""stepNumber"":1,""instruction"":""İrmik ve tereyağıyla hamur hazırlayın."",""timerSeconds"":null},{""stepNumber"":2,""instruction"":""Hurma ezmesini hamurun içine yerleştirip dilimleyin."",""timerSeconds"":null},{""stepNumber"":3,""instruction"":""Dilimleri kızartıp ballı şerbete alın."",""timerSeconds"":900}]"
malatya-kayisi-dolmasi,TATLI,3,5,10,Malatya Kayısı Dolması,"[{""stepNumber"":1,""instruction"":""Kayısıları sıcak suda 10 dakika bekletin."",""timerSeconds"":600},{""stepNumber"":2,""instruction"":""Cevizle doldurup tencereye dizin."",""timerSeconds"":null},{""stepNumber"":3,""instruction"":""Tereyağı, şeker ve 200 ml suyla 15 dakika pişirin."",""timerSeconds"":900}]"
mango-sticky-rice,TATLI,4,5,10,Mango Sticky Rice,"[{""stepNumber"":1,""instruction"":""Pirinci 30 dakika suda bekletin."",""timerSeconds"":1800},{""stepNumber"":2,""instruction"":""Pirinci buharda 25 dakika pişirin."",""timerSeconds"":1500},{""stepNumber"":3,""instruction"":""Hindistan cevizi sütü ve şekeri ısıtıp pirince karıştırın."",""timerSeconds"":null},{""stepNumber"":4,""instruction"":""Mango dilimleriyle servis edin."",""timerSeconds"":null}]"
mangolu-pirinc-kremasi-kup-tayland-usulu,TATLI,3,5,10,Mangolu Pirinç Kreması Kup,"[{""stepNumber"":1,""instruction"":""Pirinç kremasını 8 dakika pişirin."",""timerSeconds"":480},{""stepNumber"":2,""instruction"":""Mangoyu küp doğrayın."",""timerSeconds"":null},{""stepNumber"":3,""instruction"":""Kup içinde katmanlayın."",""timerSeconds"":null}]"
mangolu-tapyoka-kup-vietnam-usulu,TATLI,3,5,10,Mangolu Tapyoka Kup,"[{""stepNumber"":1,""instruction"":""Tapyokayı 12 dakika pişirin."",""timerSeconds"":720},{""stepNumber"":2,""instruction"":""Mangoyu küp doğrayın."",""timerSeconds"":null},{""stepNumber"":3,""instruction"":""Kup içinde hindistancevizi sütüyle birleştirin."",""timerSeconds"":null}]"
maras-dondurmasi,TATLI,3,5,10,Maraş Dondurması,"[{""stepNumber"":1,""instruction"":""Süt, şeker ve salebi 20 dakika karıştırarak pişirin."",""timerSeconds"":1200},{""stepNumber"":2,""instruction"":""Karışımı soğutup dondurucuya alın."",""timerSeconds"":null},{""stepNumber"":3,""instruction"":""3 saat boyunca 30 dakikada bir spatulayla dövün."",""timerSeconds"":10800}]"
matchali-armut-kup-japon-usulu,TATLI,3,5,10,Matchalı Armut Kup,"[{""stepNumber"":1,""instruction"":""Yoğurdu matcha ile karıştırın."",""timerSeconds"":null},{""stepNumber"":2,""instruction"":""Armutu dilimleyin."",""timerSeconds"":null},{""stepNumber"":3,""instruction"":""Kup içinde katmanlayın."",""timerSeconds"":null}]"
mazamorra-morada-peru-usulu,TATLI,3,5,10,Mazamorra Morada,"[{""stepNumber"":1,""instruction"":""Mısır özü, su ve tarçını 10 dakika kaynatın."",""timerSeconds"":600},{""stepNumber"":2,""instruction"":""Elmayı ekleyip 5 dakika daha pişirin."",""timerSeconds"":300},{""stepNumber"":3,""instruction"":""Nişastayla koyulaştırıp soğutarak servis edin."",""timerSeconds"":null}]"
mazarin-kekleri,TATLI,3,5,10,Mazarin Kekleri,"[{""stepNumber"":1,""instruction"":""Hamuru hazırlayıp küçük kalıplara bastırın."",""timerSeconds"":null},{""stepNumber"":2,""instruction"":""Bademli içi paylaştırın."",""timerSeconds"":null},{""stepNumber"":3,""instruction"":""Mazarinleri 180°C fırında 20 dakika pişirip soğuyunca sırlayın."",""timerSeconds"":1200}]"
mazurek-polonya-usulu,TATLI,3,5,10,Mazurek,"[{""stepNumber"":1,""instruction"":""Hamuru hazırlayıp tabana yayın."",""timerSeconds"":null},{""stepNumber"":2,""instruction"":""Tabanı 180°C fırında 20 dakika pişirin."",""timerSeconds"":1200},{""stepNumber"":3,""instruction"":""Üstüne reçel ve badem yayıp soğutarak servis edin."",""timerSeconds"":null}]"
medovik-kup-rus-usulu,TATLI,3,5,10,Medovik Kupa,"[{""stepNumber"":1,""instruction"":""Kremayı hazırlayın."",""timerSeconds"":null},{""stepNumber"":2,""instruction"":""Katmanları kadehlere yerleştirin."",""timerSeconds"":null},{""stepNumber"":3,""instruction"":""Tatlıyı soğutup servis edin."",""timerSeconds"":null}]"
medovik-rus-usulu,TATLI,3,5,10,Medovik,"[{""stepNumber"":1,""instruction"":""Hamur katlarını hazırlayın."",""timerSeconds"":null},{""stepNumber"":2,""instruction"":""Katları 190°C fırında kısa kısa pişirin."",""timerSeconds"":900},{""stepNumber"":3,""instruction"":""Katları kremayla birleştirip dinlendirin."",""timerSeconds"":null}]"
meggyes-makos-retes-macar-usulu,TATLI,3,5,10,Meggyes Mákos Rétes,"[{""stepNumber"":1,""instruction"":""Vişne, haşhaş ve şekeri karıştırın."",""timerSeconds"":null},{""stepNumber"":2,""instruction"":""Harci yufkaya sarın."",""timerSeconds"":null},{""stepNumber"":3,""instruction"":""190°C fırında 24 dakika pişirin."",""timerSeconds"":1440}]"
meggyes-retes,TATLI,3,5,10,Meggyes Retes,"[{""stepNumber"":1,""instruction"":""Vişneyi şekerle karıştırıp suyunu süzün."",""timerSeconds"":null},{""stepNumber"":2,""instruction"":""Yufkaya galeta unu serpip içi yayın ve rulo yapın."",""timerSeconds"":null},{""stepNumber"":3,""instruction"":""Retesi 190°C fırında 25 dakika pişirin."",""timerSeconds"":1500}]"
melomakarona,TATLI,3,5,10,Melomakarona,"[{""stepNumber"":1,""instruction"":""Un, portakal suyu ve zeytinyağı ile yumuşak bir hamur hazırlayın."",""timerSeconds"":null},{""stepNumber"":2,""instruction"":""Hamurdan parçalar alıp şekil verin ve 180°C fırında 25 dakika pişirin."",""timerSeconds"":1500},{""stepNumber"":3,""instruction"":""Kurabiyeleri ılık bala bulayıp ceviz serpin."",""timerSeconds"":null}]"
menengicli-irmik-muhallebisi-gaziantep-usulu,TATLI,3,5,10,Menengiçli İrmik Muhallebisi,"[{""stepNumber"":1,""instruction"":""Süt, irmik ve şekeri pişirin."",""timerSeconds"":null},{""stepNumber"":2,""instruction"":""Muhallebiyi 10 dakika koyulaştırın."",""timerSeconds"":600},{""stepNumber"":3,""instruction"":""Menengiçle tamamlayıp soğutun."",""timerSeconds"":null}]"
menengicli-muhallebi-sanliurfa-usulu,TATLI,3,5,10,Menengiçli Muhallebi,"[{""stepNumber"":1,""instruction"":""Malzemeleri tencerede çırpın."",""timerSeconds"":null},{""stepNumber"":2,""instruction"":""Muhallebiyi 10 dakika pişirin."",""timerSeconds"":600},{""stepNumber"":3,""instruction"":""Kaselere alıp soğutun."",""timerSeconds"":null}]"
mersin-kerebic,TATLI,3,5,10,Mersin Kerebiç,"[{""stepNumber"":1,""instruction"":""İrmik ve unla yağlı hamur hazırlayın."",""timerSeconds"":null},{""stepNumber"":2,""instruction"":""Hamuru cevizli içle doldurup kalıba basın."",""timerSeconds"":null},{""stepNumber"":3,""instruction"":""180°C fırında 25 dakika pişirin."",""timerSeconds"":1500}]"
muhallebi,TATLI,3,5,10,Muhallebi,"[{""stepNumber"":1,""instruction"":""Süt, şeker, nişasta ve unu tencereye alın."",""timerSeconds"":null},{""stepNumber"":2,""instruction"":""Karışımı sürekli çırparak 12-15 dakika pişirin."",""timerSeconds"":900},{""stepNumber"":3,""instruction"":""Vanilini ekleyip kaselere paylaştırın."",""timerSeconds"":null}]"
muhallebili-elma-tatlisi-kastamonu-usulu,TATLI,3,5,10,Muhallebili Elma Tatlısı,"[{""stepNumber"":1,""instruction"":""Muhallebiyi 8 dakika pişirin."",""timerSeconds"":480},{""stepNumber"":2,""instruction"":""Elmayı kısa yumuşatın."",""timerSeconds"":180},{""stepNumber"":3,""instruction"":""Katmanlayıp soğutun."",""timerSeconds"":null}]"
muzlu-hindistancevizli-tapyoka-kup-vietnam-usulu,TATLI,3,5,10,Muzlu Hindistancevizli Tapyoka Kup,"[{""stepNumber"":1,""instruction"":""Tapyokayı 10 dakika pişirin."",""timerSeconds"":600},{""stepNumber"":2,""instruction"":""Muzu ekleyin."",""timerSeconds"":null},{""stepNumber"":3,""instruction"":""Kup halinde soğutun."",""timerSeconds"":null}]"
muzlu-kakaolu-tahin-kup-alanya-usulu,TATLI,3,5,10,Alanya Muzlu Kakaolu Tahin Kup,"[{""stepNumber"":1,""instruction"":""Tahin ve kakaoyu karıştırın."",""timerSeconds"":null},{""stepNumber"":2,""instruction"":""Muzu dilimleyin."",""timerSeconds"":null},{""stepNumber"":3,""instruction"":""Kuplara kat kat koyup servis edin."",""timerSeconds"":null}]"
muzlu-susamli-tapiyoka-kase-vietnam-usulu,TATLI,3,5,10,Muzlu Susamlı Tapyoka Kase,"[{""stepNumber"":1,""instruction"":""Tapyokayı hindistancevizi sütünde 8 dakika pişirin."",""timerSeconds"":480},{""stepNumber"":2,""instruction"":""Muzu ve balı ekleyip 2 dakika daha çevirin."",""timerSeconds"":120},{""stepNumber"":3,""instruction"":""Kaselere alıp susam serperek servis edin."",""timerSeconds"":null}]"
muzlu-tapiyoka-kup-vietnam-usulu,TATLI,3,5,10,Muzlu Tapiyoka Kup,"[{""stepNumber"":1,""instruction"":""Tapiyokayı 10 dakika pişirin."",""timerSeconds"":600},{""stepNumber"":2,""instruction"":""Muz ve hindistancevizi sütünü ekleyin."",""timerSeconds"":null},{""stepNumber"":3,""instruction"":""Kup içinde soğutarak servis edin."",""timerSeconds"":null}]"
muzlu-tapyoka-kup-vietnam-usulu,TATLI,3,5,10,Muzlu Tapyoka Kup,"[{""stepNumber"":1,""instruction"":""Tapyokayı 15 dakika pişirin."",""timerSeconds"":900},{""stepNumber"":2,""instruction"":""Muz ve hindistancevizi sütünü ekleyin."",""timerSeconds"":null},{""stepNumber"":3,""instruction"":""Kup içinde soğutarak servis edin."",""timerSeconds"":null}]"
nalesniki-z-serem,TATLI,3,5,10,Naleśniki z Serem,"[{""stepNumber"":1,""instruction"":""Krep hamurunu hazırlayıp 10 dakika dinlendirin."",""timerSeconds"":600},{""stepNumber"":2,""instruction"":""Krepleri pişirip lorlu içle sarın."",""timerSeconds"":null},{""stepNumber"":3,""instruction"":""Doldurulmuş krepleri tavada kısa çevirip servis edin."",""timerSeconds"":null}]"
narenciyeli-sutlu-irmik-adana-usulu,TATLI,3,5,10,Adana Narenciyeli Sütlü İrmik,"[{""stepNumber"":1,""instruction"":""Süt, irmik ve şekeri tencereye alın."",""timerSeconds"":null},{""stepNumber"":2,""instruction"":""Karıştırarak 10 dakika pişirin."",""timerSeconds"":600},{""stepNumber"":3,""instruction"":""Portakal kabuğunu ekleyip kaselere paylaştırın."",""timerSeconds"":null}]"
nevzine-kayseri-usulu,TATLI,4,5,10,Nevzine,"[{""stepNumber"":1,""instruction"":""Un, tahin, ceviz ve tereyağıyla hamuru hazırlayıp tepsiye yayın."",""timerSeconds"":null},{""stepNumber"":2,""instruction"":""Tatlıyı 180°C fırında 25 dakika pişirin."",""timerSeconds"":1500},{""stepNumber"":3,""instruction"":""Pekmez, su ve şekeri 5 dakika kaynatıp şerbeti hazırlayın."",""timerSeconds"":300},{""stepNumber"":4,""instruction"":""Şerbeti nevzinenin üstüne döküp dinlendirin."",""timerSeconds"":null}]"
nevzine-tatlisi,TATLI,3,5,10,Nevzine Tatlısı,"[{""stepNumber"":1,""instruction"":""Un, tahin, ceviz ve tereyağıyla hamuru hazırlayıp tepsiye bastırın."",""timerSeconds"":null},{""stepNumber"":2,""instruction"":""Tatlıyı 180°C fırında 30 dakika pişirin."",""timerSeconds"":1800},{""stepNumber"":3,""instruction"":""Su, şeker ve pekmezle hazırladığınız şerbeti tatlıya döküp dinlendirin."",""timerSeconds"":null}]"
nyponsoppa-parfe-isvec-usulu,TATLI,3,5,10,Nyponsoppa Parfe,"[{""stepNumber"":1,""instruction"":""Krema ve şekeri çırpın."",""timerSeconds"":null},{""stepNumber"":2,""instruction"":""Kuşburnu püresini ekleyin."",""timerSeconds"":null},{""stepNumber"":3,""instruction"":""Karışımı 2 saat dondurun."",""timerSeconds"":7200}]"
orange-blossom-milk-pudding-fas-usulu,TATLI,3,5,10,Portakal Çiçekli Sütlü Tatlı,"[{""stepNumber"":1,""instruction"":""Süt, nişasta ve şekeri karıştırın."",""timerSeconds"":null},{""stepNumber"":2,""instruction"":""Muhallebiyi 8 dakika pişirin."",""timerSeconds"":480},{""stepNumber"":3,""instruction"":""Aromayı ekleyip kaselerde soğutun."",""timerSeconds"":null}]"
ostkaka,TATLI,3,5,10,Ostkaka,"[{""stepNumber"":1,""instruction"":""Lor, yumurta, krema, şeker ve bademi karıştırın."",""timerSeconds"":null},{""stepNumber"":2,""instruction"":""Karışımı yağlanmış kaba dökün."",""timerSeconds"":null},{""stepNumber"":3,""instruction"":""Ostkakayı 175°C fırında 40 dakika pişirin."",""timerSeconds"":2400}]"
ostkaka-smaland-usulu,TATLI,3,5,10,Smaland Ostkaka,"[{""stepNumber"":1,""instruction"":""Lor, süt, yumurta ve kremayı karıştırın."",""timerSeconds"":null},{""stepNumber"":2,""instruction"":""Bademi ekleyip karışımı kalıba dökün."",""timerSeconds"":null},{""stepNumber"":3,""instruction"":""Ostkakayı 175°C fırında 50 dakika pişirin."",""timerSeconds"":3000}]"
paluze-hatay-usulu,TATLI,3,5,10,Hatay Paluzesi,"[{""stepNumber"":1,""instruction"":""Nişastayı 1 su bardağı üzüm suyuyla açın."",""timerSeconds"":null},{""stepNumber"":2,""instruction"":""Kalan üzüm suyu ve şekeri ısıtın."",""timerSeconds"":null},{""stepNumber"":3,""instruction"":""Nişastalı karışımı ekleyip paluzeyi koyulaştırın ve soğutun."",""timerSeconds"":null}]"
paluze-kilis-usulu,TATLI,4,5,10,Paluze,"[{""stepNumber"":1,""instruction"":""Nişastayı 1 su bardağı suyla açın."",""timerSeconds"":null},{""stepNumber"":2,""instruction"":""Pekmez ve kalan suyu tencerede ısıtın."",""timerSeconds"":null},{""stepNumber"":3,""instruction"":""Nişastalı karışımı ekleyip paluzeyi koyulaşana kadar pişirin."",""timerSeconds"":null},{""stepNumber"":4,""instruction"":""Tatlıyı kaselere paylaştırıp soğutarak servis edin."",""timerSeconds"":null}]"
pancarli-muhallebi-kup-istanbul-usulu,TATLI,3,5,10,Pancarli Muhallebi Kup,"[{""stepNumber"":1,""instruction"":""Muhallebiyi koyulaştırın."",""timerSeconds"":600},{""stepNumber"":2,""instruction"":""Pancar suyunu ekleyin."",""timerSeconds"":null},{""stepNumber"":3,""instruction"":""Kup içinde soğutup servis edin."",""timerSeconds"":null}]"
panettone,TATLI,4,5,10,Panettone,"[{""stepNumber"":1,""instruction"":""Maya, süt ve unun yarısını karıştırıp 30 dakika bekletin."",""timerSeconds"":1800},{""stepNumber"":2,""instruction"":""Yumurta, tereyağı, kalan un ve kuru meyveyi ekleyip yoğurun."",""timerSeconds"":null},{""stepNumber"":3,""instruction"":""Hamuru 60 dakika mayalandırın."",""timerSeconds"":3600},{""stepNumber"":4,""instruction"":""180°C fırında 40-45 dakika pişirin."",""timerSeconds"":2700}]"
panna-cotta,TATLI,3,5,10,Panna Cotta,"[{""stepNumber"":1,""instruction"":""Jelatini soğuk suda 5 dakika yumuşatın."",""timerSeconds"":300},{""stepNumber"":2,""instruction"":""Krema, süt, şeker ve vanilyayı ısıtın."",""timerSeconds"":480},{""stepNumber"":3,""instruction"":""Jelatini karışıma ekleyip kalıplara dökün ve 4 saat soğutun."",""timerSeconds"":14400}]"
pastelito-de-guayaba-kuba-usulu,TATLI,3,5,10,Pastelito de Guayaba,"[{""stepNumber"":1,""instruction"":""Hamurun ortasına guava koyun."",""timerSeconds"":null},{""stepNumber"":2,""instruction"":""Katlayıp kapatın."",""timerSeconds"":null},{""stepNumber"":3,""instruction"":""190°C fırında 18 dakika pişirin."",""timerSeconds"":1080}]"
pavlova,TATLI,3,5,10,Pavlova,"[{""stepNumber"":1,""instruction"":""Yumurta aklarını şekerle parlak tepecikler oluşana kadar çırpın."",""timerSeconds"":null},{""stepNumber"":2,""instruction"":""Nişasta ve sirkeyi ekleyip beze tabanını şekillendirin."",""timerSeconds"":null},{""stepNumber"":3,""instruction"":""120°C fırında 80-90 dakika pişirin ve fırında soğutun."",""timerSeconds"":5400}]"
pazili-keskul-canakkale-usulu,TATLI,3,5,10,Çanakkale Pazılı Keşkül,"[{""stepNumber"":1,""instruction"":""Pazıyı 2 dakika haşlayıp süzün."",""timerSeconds"":120},{""stepNumber"":2,""instruction"":""Süt, badem ve şekeri tencerede 12 dakika pişirin."",""timerSeconds"":720},{""stepNumber"":3,""instruction"":""Pazı püresi ve nişastayı ekleyip koyulaştırarak kaselere paylaştırın."",""timerSeconds"":null}]"
